email,firstName,lastName,password,birthDate
Wieke1@gmail.com,Wieke,Wieke,12345678,1/1/1956
Kim2@gmail.com,Kim,Kim,12345678,2/1/1956
Bege3@gmail.com,Bege,Bege,12345678,3/1/1956
Teun4@gmail.com,Teun,Teun,12345678,4/1/1956
Bennett5@gmail.com,Bennett,Bennett,12345678,5/1/1956
Nienke6@gmail.com,Nienke,Nienke,12345678,6/1/1956
Sandy7@gmail.com,Sandy,Sandy,12345678,7/1/1956
Sandra8@gmail.com,Sandra,Sandra,12345678,8/1/1956
Julien9@gmail.com,Julien,Julien,12345678,9/1/1956
Coen10@gmail.com,Coen,Coen,12345678,10/1/1956
Jet11@gmail.com,Jet,Jet,12345678,11/1/1956
Jessica12@gmail.com,Jessica,Jessica,12345678,12/1/1956
Nat13@gmail.com,Nat,Nat,12345678,1/1/1957
Esmée14@gmail.com,Esmée,Esmée,12345678,2/1/1957
Bart15@gmail.com,Bart,Bart,12345678,3/1/1957
Petrine16@gmail.com,Petrine,Petrine,12345678,4/1/1957
Frank17@gmail.com,Frank,Frank,12345678,5/1/1957
Hanna18@gmail.com,Hanna,Hanna,12345678,6/1/1957
Corey19@gmail.com,Corey,Corey,12345678,7/1/1957
Veronica20@gmail.com,Veronica,Veronica,12345678,8/1/1957
Stephanie21@gmail.com,Stephanie,Stephanie,12345678,9/1/1957
Leonie22@gmail.com,Leonie,Leonie,12345678,10/1/1957
Martijn23@gmail.com,Martijn,Martijn,12345678,11/1/1957
Joan24@gmail.com,Joan,Joan,12345678,12/1/1957
Babet25@gmail.com,Babet,Babet,12345678,1/1/1958
Zira26@gmail.com,Zira,Zira,12345678,2/1/1958
JordanSarah27@gmail.com,Jordan & Sarah,Jordan & Sarah,12345678,3/1/1958
RichardEnBirgit28@gmail.com,Richard En Birgit,Richard En Birgit,12345678,4/1/1958
Joey29@gmail.com,Joey,Joey,12345678,5/1/1958
Sibe30@gmail.com,Sibe,Sibe,12345678,6/1/1958
KeesVdVooren31@gmail.com,Kees Vd Vooren,Kees Vd Vooren,12345678,7/1/1958
Leontien32@gmail.com,Leontien,Leontien,12345678,8/1/1958
Inez33@gmail.com,Inez,Inez,12345678,9/1/1958
Thomas34@gmail.com,Thomas,Thomas,12345678,10/1/1958
Joelma35@gmail.com,Joelma,Joelma,12345678,11/1/1958
BnBBeheer36@gmail.com,BnB Beheer,BnB Beheer,12345678,12/1/1958
Sjoerd37@gmail.com,Sjoerd,Sjoerd,12345678,1/1/1959
Serge38@gmail.com,Serge,Serge,12345678,2/1/1959
Peter39@gmail.com,Peter,Peter,12345678,3/1/1959
Iris40@gmail.com,Iris,Iris,12345678,4/1/1959
Robert41@gmail.com,Robert,Robert,12345678,5/1/1959
Maria42@gmail.com,Maria,Maria,12345678,6/1/1959
RubenViki43@gmail.com,Ruben & Viki,Ruben & Viki,12345678,7/1/1959
Wilbert44@gmail.com,Wilbert,Wilbert,12345678,8/1/1959
Rogier45@gmail.com,Rogier,Rogier,12345678,9/1/1959
Evalotte46@gmail.com,Evalotte,Evalotte,12345678,10/1/1959
Harmen47@gmail.com,Harmen,Harmen,12345678,11/1/1959
Maaike48@gmail.com,Maaike,Maaike,12345678,12/1/1959
Ellen49@gmail.com,Ellen,Ellen,12345678,1/1/1960
Elise50@gmail.com,Elise,Elise,12345678,2/1/1960
Katia51@gmail.com,Katia,Katia,12345678,3/1/1960
Desta52@gmail.com,Desta,Desta,12345678,4/1/1960
Wittenberg53@gmail.com,Wittenberg,Wittenberg,12345678,5/1/1960
Frank54@gmail.com,Frank,Frank,12345678,6/1/1960
Michaël55@gmail.com,Michaël,Michaël,12345678,7/1/1960
Maarten56@gmail.com,Maarten,Maarten,12345678,8/1/1960
Laurens57@gmail.com,Laurens,Laurens,12345678,9/1/1960
Sandor58@gmail.com,Sandor,Sandor,12345678,10/1/1960
Marjan59@gmail.com,Marjan,Marjan,12345678,11/1/1960
Joost60@gmail.com,Joost,Joost,12345678,12/1/1960
Keira61@gmail.com,Keira,Keira,12345678,1/1/1961
Willem62@gmail.com,Willem,Willem,12345678,2/1/1961
Sandra63@gmail.com,Sandra,Sandra,12345678,3/1/1961
Daniela64@gmail.com,Daniela,Daniela,12345678,4/1/1961
MohamedAmine65@gmail.com,Mohamed Amine,Mohamed Amine,12345678,5/1/1961
Henriette66@gmail.com,Henriette,Henriette,12345678,6/1/1961
Debbie67@gmail.com,Debbie,Debbie,12345678,7/1/1961
Tijn68@gmail.com,Tijn,Tijn,12345678,8/1/1961
Rolf69@gmail.com,Rolf,Rolf,12345678,9/1/1961
Sarah70@gmail.com,Sarah,Sarah,12345678,10/1/1961
Nicole71@gmail.com,Nicole,Nicole,12345678,11/1/1961
Abhishek72@gmail.com,Abhishek,Abhishek,12345678,12/1/1961
Jennifer73@gmail.com,Jennifer,Jennifer,12345678,1/1/1962
Hendrike74@gmail.com,Hendrike,Hendrike,12345678,2/1/1962
Niki75@gmail.com,Niki,Niki,12345678,3/1/1962
DemianEunice76@gmail.com,Demian & Eunice,Demian & Eunice,12345678,4/1/1962
Marjolein77@gmail.com,Marjolein,Marjolein,12345678,5/1/1962
Joost78@gmail.com,Joost,Joost,12345678,6/1/1962
Cees79@gmail.com,Cees,Cees,12345678,7/1/1962
Samantha80@gmail.com,Samantha,Samantha,12345678,8/1/1962
Mariel81@gmail.com,Mariel,Mariel,12345678,9/1/1962
Merijn82@gmail.com,Merijn,Merijn,12345678,10/1/1962
Mark83@gmail.com,Mark,Mark,12345678,11/1/1962
Anita84@gmail.com,Anita,Anita,12345678,12/1/1962
Birgit85@gmail.com,Birgit,Birgit,12345678,1/1/1963
Marcel86@gmail.com,Marcel,Marcel,12345678,2/1/1963
Janeez87@gmail.com,Janeez,Janeez,12345678,3/1/1963
Sabine88@gmail.com,Sabine,Sabine,12345678,4/1/1963
Gemma89@gmail.com,Gemma,Gemma,12345678,5/1/1963
Nick90@gmail.com,Nick,Nick,12345678,6/1/1963
Vanja91@gmail.com,Vanja,Vanja,12345678,7/1/1963
Ellen92@gmail.com,Ellen,Ellen,12345678,8/1/1963
Karel93@gmail.com,Karel,Karel,12345678,9/1/1963
Ruben94@gmail.com,Ruben,Ruben,12345678,10/1/1963
Lex95@gmail.com,Lex,Lex,12345678,11/1/1963
Eric96@gmail.com,Eric,Eric,12345678,12/1/1963
LiveLife97@gmail.com,Live Life,Live Life,12345678,1/1/1964
ArendDiana98@gmail.com,Arend & Diana,Arend & Diana,12345678,2/1/1964
Lorin99@gmail.com,Lorin,Lorin,12345678,3/1/1964
Mirjam100@gmail.com,Mirjam,Mirjam,12345678,4/1/1964
